,00ae07c9fe63b080181b8a6d59c6b3b6f9913938858829e5a42ab90fb72edf7a.out_converted.csv,04b5e29283c60fcc255f8d2f289238430a10624e457f12f1bc866454110830a2.out_converted.csv,0a4b417193f63a3cce4550e363548384eb007f89e89eb831cf1b7f5ddf230a51.out_converted.csv,0b1c49ec2d53c4af21a51a34d9aa91e76195ceb442480468685418ba8ece1ba6.out_converted.csv,0dcfa54a7e8a4e631ef466670ce604a61f3b0e8b3e9cf72c943278c0f77c31a2.out_converted.csv,1794cf09f4ea698759b294e27412aa09eda0860475cd67ce7b23665ea6c5d58b.out_converted.csv,1b1a56aec5b02355b90f911cdd27a35d099690fcbeb0e0622eaea831d64014d3.out_converted.csv,1eb236fc4728d8048cbbb94dab2215e31877ec7b6533f3720cd2156bc9192d92.out_converted.csv,240fe01d9fcce5aae311e906b8311a1975f8c1431b83618f3d11aeaff10aede3.out_converted.csv,2d39779ad930fe8c1f181285a8cd5a57f23cc871e1716a201206c8499cf4b9af.out_converted.csv,363b925df467d33f6d10c6c5d70e895933b94f016b5b91f678481517e0109d0f.out_converted.csv,524cd97417da8bd456169ae6f678fbb553965634df5bbb8329c0f264a0cdbeb9.out_converted.csv,5c03ff30ccffc9d36c342510c7469682d3c411654ec52b0930d37a6c6aab9f72.out_converted.csv,650971d785224bf9680dca1cc43ce5546a9afb78dcf6baf4944862816ab6f4f4.out_converted.csv,6734f3e911fadf340fc0aa4f8f55c15c8936c61f9b0e38bdfe9dde561cf09fa9.out_converted.csv,741af7d54a95dd3b4497c73001e7b2ba1f607d19d63068b611505f9ce14c7776.out_converted.csv,9e7902cfe3090cd8635af3c04de8f8510db26fb56b060060daede7dc5306f40e.out_converted.csv,9f20d2cf098609450792723a4410c6887fdaa00e53f207671fcf1eb22d9fb008.out_converted.csv,c7e39dfd0f42a9a8254bca7c4c20c393dce022fcb011fe7170af1538767d620f.out_converted.csv,cbf4c57000539a44be789b19822c500ffabb6684701d55eec594608cdfe26d97.out_converted.csv,efa875506296d77178884ba8ac68a8b6d6aef24e79025359cf5259669396e8dd.out_converted.csv
0,0a79399c441fca30d20e79fdabdd23ae33f3e16bf9c012cd1492604a03e656bb.out_converted.csv,1e48915f40bfdd75fb83e79779010336320af76411b9af9f0e68d361e63a2f60.out_converted.csv,1a796f26d5d9cc76978ecaa0ef63e603a47722545fa1e6939bd85144edcebe86.out_converted.csv,119fa2690a99f4b464e62d3cec04de6750633d00b0bca84ba436a1d20508a2f9.out_converted.csv,1384790107a5f200cab9593a39d1c80136762b58d22d9b3f081c91d99e5d0376.out_converted.csv,1822454a2f12fae1725ef96e588e6fa2eeab58a8043e9a56ac328c14100ba937.out_converted.csv,1f1bf32f553b925963485d8bb8cc3f0344720f9e67100d610d9e3f5f6bc002a1.out_converted.csv,4d2289d8feff37ed18063641a91c6a0ad613fcc0df31d131edfd2303fc369344.out_converted.csv,3ff6b4287e49a01724626a9e11adceee7a478aa5e5778ec139a3f9011a02f3af.out_converted.csv,a796c302688bee0f9b78a723caca6e335081e8b87b19a7427593c1fee1fe10dd.out_converted.csv,5e84a3573806c2799e9e727327235fc1db39aa62c8be0dccb1abcd206d944bb2.out_converted.csv,,,da7596a5308afddaa2197d62446761b9b437d423e57e7599a57d7ec65e342dce.out_converted.csv,,ee0e8516bfc431cb103f16117b9426c79263e279dc46bece5d4b96ddac9a5e90.out_converted.csv,,d1a95861c6b9836c0c3d8868019054931d1339ae896ad11575e99d91a358696d.out_converted.csv,,e1b415bcb23a725810928989a3ee0753e9fd3118b60380276d928e74ccd962af.out_converted.csv,efacd163027d6db6009c7363eb2af62b588258789735352adcbc672cd412c7c1.out_converted.csv
1,0d7960a39b92dad88986deea6e5861bd00fb301e92d550c232aebb36ed010e46.out_converted.csv,26d1a32a2bfb4beaf986d1b798f7f9705f11d6372b56332c612e58cc470634b4.out_converted.csv,3144e5eb401f51f957f6821c201d5135f8627bbf2dab054d962fceaca45b3a04.out_converted.csv,1736d6feaa80ee3c7d072a6db7ae5e7ee63c1a10314e46ab46b1a2477063de60.out_converted.csv,91d17b654a7658dfdd75fcb9191395e4992d43ea38585eba8ff5c21e78b5e017.out_converted.csv,1b5bd0d4989c245af027f6bc0c331417f81a87fff757e19cdbdfe25340be01a6.out_converted.csv,39c33c261899f2cb91f686aa6da234175237cd72cfcd9291a6e51cbdc86d4def.out_converted.csv,56e0174d76d82a1c6c127044bb85f696ef4842a140798b398691af6fa51b48f0.out_converted.csv,89a269943b201401b50356a4284cfda4d6689f63811853f46a16f947621d3bb3.out_converted.csv,,,,,,,,,,,,
2,206cc0d26617057196f1e3e8903597fd0b234c9f945263fad9ac6b1686c71d21.out_converted.csv,2d6b53b1feb2ff94f2cf1ba443ae4aa81dca82fe7c9f6c8b859921997eb5cf70.out_converted.csv,3dc67f187f2a9f403ddd754f26ea630a67e37e756ed7c99677de1575e34f0bea.out_converted.csv,20e4c4893ed1faa9a50b0a4ba5fa0062d5178b635222849eeafa53e8c5c0d8c8.out_converted.csv,9a7e8ed9621c08964bd20eb8a95fbe9853e12ebc613c37f53774b17a2cbe9100.out_converted.csv,60a6d1e2ea4b57394628fd223d43398b2d0aeb02553658569d36642f29e2f54f.out_converted.csv,4309d17a3e2376639026494a47c5d4a68f481f1ab0eea5104cb58c5412e290ff.out_converted.csv,cce483b56b8e8a972f591466656dcc6c5574323c7a844d001da62522143db574.out_converted.csv,fe377368c04b3b3fcd54968397a878ba5254f13af6e824732e9cfc23983b57bb.out_converted.csv,,,,,,,,,,,,
3,24ee0e3d65b0593198fbe973a58ca54402b0879d71912f44f4b831003a5c7819.out_converted.csv,346599bff197dc24dba9875c1b765c160881919c3582dc0fae99c4c2cf5c8836.out_converted.csv,4289ba60e1852a9d5ef1b4fb04be8e918148f7b3fe04fe371371f09a36efee00.out_converted.csv,47a4ca5b1b6a2c0c7914b342f668b860041ec826d2ac85825389dba363797431.out_converted.csv,a8fd2b696d0d819b13ccfac61686eea8a0638e67df3e3e869fbc95507d22b6ec.out_converted.csv,7ef53aea7f4308b24db56737ae4ef9d188cdf947639bf078306da599990a2784.out_converted.csv,4ed03737803160dc63a560169c3cd224d0809e8a54cd8fa6fa85fc4a911971dc.out_converted.csv,,,,,,,,,,,,,,
4,2c98b196a51f737f29689d16abeea620b0acfa6380bdc8e94a7a927477d81e3a.out_converted.csv,546a65849cd54b2ad6f2e7c386d6c50e366dfe3a16b49a032459cd17d7b0d7f2.out_converted.csv,9937981d8395aea21c6c3ecabc1e35a195428e7d0d3a9f569b15e2f5f4c26b41.out_converted.csv,63f3245f84f7f2931d1586bc35051d26398590aaf71a071597b3662ffc3f24fb.out_converted.csv,c36050a2036ff0a1b42f9beb667914046a16071dfb6675424a56ea3874c686ff.out_converted.csv,94d57e96cb9ba8a0bc04293c5f63ed35e7347578eeec801be0cb554c86d0862e.out_converted.csv,5baf025c571ba362170e8d1767afe4f7adccbb4524874015fa9add308ccc203a.out_converted.csv,,,,,,,,,,,,,,
5,2f85ca8f89dfb014b03afb11e5d2198a8adbae1da0fd76c81c67a81a80bf1965.out_converted.csv,64ef1e8134f02ab53f0fb2c3e8fde3cd1f4186635643bfbda6db7d00fd2a4881.out_converted.csv,a6b218a2736293577f958f1976fdb583317ef94344509ce659ec2e4c7dce16c8.out_converted.csv,83c771f927a0a5faf6f6acd88ed9db800b993f25df22468b394725bd4cca4fcf.out_converted.csv,fabfb91bec618ce6fc7d83331e6d01ff3256ef60e11a76dd3a7306442fb22f80.out_converted.csv,d57c54d74ba0f94e37798d0ee3f81ebfd44aebd4004f7cd30d584243083e1e01.out_converted.csv,851787bf4039d365178a16018edec430dd4a0d001c9c9c4cb68f8b73bf0c4d02.out_converted.csv,,,,,,,,,,,,,,
6,329255e33f43e6e9ae5d5efd6f5c5745c35a30d42fb5099beb51a6e40fe9bd76.out_converted.csv,78f92857e18107872526feb1ae834edb9b7189df4a2129a4125a3dd8917f9983.out_converted.csv,ed5557ed8c1450c30212bcd9486f2696bd9fc3fb3091e23ef55eff755a063719.out_converted.csv,9f059b341ac4e2e00ab33130fea5da4b1390f980d3db607384d87e736f30273e.out_converted.csv,,,912f27b311f90e81c135f2d363e06db44aaf4067501971703c6335e85a26e8bb.out_converted.csv,,,,,,,,,,,,,,
7,3fac250cf6bdb0bf5b1707a970bd233e86dabc0765fede8238d761fb0f27c3da.out_converted.csv,b2617562e8abe0ed490725e51626cb5330d4e1c8a9b128e30958732bd96a77a8.out_converted.csv,,ad881621a630f16d4ae2f3b85f4707dcc7043ae675af878b89f2b571413ef40f.out_converted.csv,,,a663c9cc2631de038106da41912cf7144a3e67a5faa783413172b0536a88c6f0.out_converted.csv,,,,,,,,,,,,,,
8,3ffc2327a5dd17978f62c44807e5bf9904bcdef222012a11e48801faf6861a67.out_converted.csv,c34523bce4a4730a1ce69a4ef0c961db845c43b17a8457b9e79c02914c1874de.out_converted.csv,,caa114893cf5cb213b39591bbcb72f66ee4519be07269968e714a8d3f24c3382.out_converted.csv,,,b86fa7422710bfb569986f8a4778f1614837acc754f105b7d90608a03ea7cbd6.out_converted.csv,,,,,,,,,,,,,,
9,53046ec20ff41109e92ae74a5d9ea300d01c07d08fff936f2c7f527cae6384ec.out_converted.csv,f123c0bf13d3b153e86a14e6fba58e2aee14f88ed493954b0dc556d3a700195f.out_converted.csv,,ccf42d518702e99217f6f0b8c2976170467d4cab68baae81c46bcbe524030702.out_converted.csv,,,e3f90c676c4945fa685e6d61689d8dfb8cb4a496816b76b1eff12f63861c217c.out_converted.csv,,,,,,,,,,,,,,
10,564a666d0a7efc39c9d53f5c6c4d95d5f7f6b7bff2dc9aa3c871f8c49650a99b.out_converted.csv,f414ae8a6c2e908d9f3408cba59423b1e67f2506bac0465acbdaa771e1c77286.out_converted.csv,,d1b43124cbb766c5b1c750bdd4651336148cef6ee69f01120ced872651534011.out_converted.csv,,,f12fc2ed61b61fe0be5500aaaa9707acebe5802d83895e87a0faebf77a59323c.out_converted.csv,,,,,,,,,,,,,,
11,7955542df199c6ce4ca0bb3966dcf9cc71199c592fec38508dad58301a3298d0.out_converted.csv,fadc69995b9f837837595d73be8dce1bbccf0b709d0d8bb2cadf1c90b46763cf.out_converted.csv,,dac55f4d3f7442389b76fa8875141919b65f198c11cdfb529f3f1fdae35c7828.out_converted.csv,,,,,,,,,,,,,,,,,
12,8b44e74ab90b411576e99868cb6ad522ea06d62e4312ed2064a7dd72860063f6.out_converted.csv,,,e57fedf64ad5b0092894d3e057004a03c2de28d39e66753582ab6cf1b63f24d7.out_converted.csv,,,,,,,,,,,,,,,,,
13,9cb463404a95bc04ade046fe59e089c5c52fc4e0b2ab0e070f3c38a606518f32.out_converted.csv,,,,,,,,,,,,,,,,,,,,
14,9e8e79637b5d21c7e3500345da26a2a15f77034623f6d711967b3750417f7ce5.out_converted.csv,,,,,,,,,,,,,,,,,,,,
15,a3a6f6af9047ef527a89445c2cf297e6dd0828f1ddd6d97bf4bb9ed799a738bb.out_converted.csv,,,,,,,,,,,,,,,,,,,,
16,a6d79e8de33e14b22fae06d4db8a3a93a606707f83a1aa367af04f516dcc1577.out_converted.csv,,,,,,,,,,,,,,,,,,,,
17,aaf6ad951a8f36bd6f84d0387b9a17e3702068b4955e23bdacf5b4c17fd6cd2d.out_converted.csv,,,,,,,,,,,,,,,,,,,,
18,c968b1bd582ec034f35b9a924a699e2939e2e9f4402b0e8c9f27ea7576b00d11.out_converted.csv,,,,,,,,,,,,,,,,,,,,
19,cb8799e04b6a2f7070910c70b066c44042fb739c461f2dd2a02011eb4fdfdfea.out_converted.csv,,,,,,,,,,,,,,,,,,,,
20,df8262a8a7208da235127a10b07fa9b87de71eb2cc9667899da60ad255a90c76.out_converted.csv,,,,,,,,,,,,,,,,,,,,
21,e808760ffb94d970fb9a224c3e1093e5c8999dd736936d6290b28741abc9c81f.out_converted.csv,,,,,,,,,,,,,,,,,,,,
22,f6b7a01dab3a0d3bb0e66d032f0ba9c0d851d0e6f22a7bded4dead419e33f8a4.out_converted.csv,,,,,,,,,,,,,,,,,,,,
23,fbba7bc092f8f36da650dde4e3b1af6f6ac656f054bfb20738b2f864bceb4d5a.out_converted.csv,,,,,,,,,,,,,,,,,,,,
